{
"width": 1821, "height": 1450,
"format": "jpg",
"type":"ptm",
"colorspace":"lrgb",
"lights": [-0.189, -0.835, 0.517, -0.517, -0.709, 0.480, -0.819, -0.452, 0.355, -0.979, 0.156, 0.129, -0.669, 0.729, 0.143, -0.182, 0.930, 0.320, -0.284, 0.731, 0.620, -0.012, 0.725, 0.689, 0.299, 0.609, 0.734, 0.572, 0.383, 0.725, 0.738, 0.268, 0.619, 0.659, -0.493, 0.568, 0.364, -0.758, 0.541, 0.097, -0.867, 0.489, -0.015, -0.699, 0.715, 0.264, -0.614, 0.743, 0.508, -0.341, 0.791, 0.545, 0.042, 0.838, 0.321, 0.354, 0.878, 0.048, 0.518, 0.854, -0.230, 0.557, 0.798, -0.515, 0.466, 0.719, -0.746, 0.206, 0.633, -0.797, -0.170, 0.580, -0.609, -0.492, 0.622, -0.321, -0.666, 0.673, -0.239, -0.506, 0.829, 0.010, -0.509, 0.860, 0.229, -0.351, 0.908, 0.298, -0.081, 0.951, 0.173, 0.192, 0.966, -0.028, 0.333, 0.943, -0.268, 0.342, 0.901, -0.478, 0.201, 0.855, -0.585, -0.089, 0.806, -0.450, -0.353, 0.820, -0.237, -0.273, 0.932, 0.001, -0.272, 0.962, 0.083, -0.010, 0.997, -0.139, 0.136, 0.981, -0.332, -0.009, 0.943],
"nplanes": 9,
"quality": 95,
"materials": [
{
 "scale": [1,1,1,3.66414,5.86909,4.08845,9.49037,9.8708,8.69622],
 "bias": [0,0,0,0.172649,0.403084,0.510272,0.492416,0.642416,0.550376] }
]
}
