{
"width": 2928, "height": 2982,
"format": "jpg",
"pixelSizeInMM": 0.0102001,
"type":"ptm",
"colorspace":"lrgb",
"lights": [-0.015, 0.992, 0.126, 0.473, 0.868, 0.154, 0.871, 0.452, 0.193, 0.947, -0.238, 0.218, 0.515, -0.825, 0.233, -0.082, -0.975, 0.206, -0.593, -0.786, 0.175, -0.893, -0.430, 0.135, -0.992, -0.055, 0.112, -0.944, 0.314, 0.103, -0.756, 0.648, 0.093, -0.459, 0.883, 0.095, -0.032, 0.879, 0.477, 0.431, 0.735, 0.523, 0.670, 0.446, 0.593, 0.749, -0.183, 0.637, 0.370, -0.666, 0.648, -0.193, -0.795, 0.575, -0.622, -0.587, 0.518, -0.844, -0.226, 0.486, -0.891, 0.162, 0.423, -0.747, 0.532, 0.398, -0.429, 0.798, 0.424, -0.201, 0.669, 0.715, 0.069, 0.646, 0.760, 0.348, 0.452, 0.821, 0.454, 0.111, 0.884, 0.364, -0.264, 0.893, 0.063, -0.486, 0.872, -0.255, -0.534, 0.806, -0.525, -0.383, 0.760, -0.678, -0.148, 0.720, -0.726, 0.081, 0.683, -0.639, 0.356, 0.682, -0.453, 0.548, 0.703, -0.269, 0.385, 0.883, -0.466, 0.177, 0.867, -0.428, -0.114, 0.896, -0.148, -0.201, 0.968, 0.091, -0.005, 0.996],
"nplanes": 9,
"quality": 95,
"materials": [
{
 "scale": [1,1,1,2.88636,3.08666,3.20866,5.6456,5.71679,5.37546],
 "bias": [0,0,0,-0.113122,0.436396,0.557309,0.641151,0.536791,0.672172] }
]
}
