{
"width": 826, "height": 822,
"format": "jpg",
"type":"ptm",
"colorspace":"lrgb",
"lights": [-0.370, 0.929, 0.007, 0.137, 0.987, 0.087, 0.676, 0.731, 0.092, 0.961, 0.274, 0.030, 0.986, -0.169, 0.001, 0.790, -0.610, 0.059, 0.371, -0.925, 0.078, -0.155, -0.985, 0.076, -0.622, -0.782, 0.049, -0.938, -0.346, 0.012, -0.982, 0.185, 0.034, -0.773, 0.633, 0.040, -0.334, 0.860, 0.386, 0.186, 0.870, 0.457, 0.546, 0.689, 0.477, 0.875, 0.261, 0.407, 0.900, -0.215, 0.379, 0.656, -0.640, 0.401, 0.168, -0.882, 0.439, -0.363, -0.825, 0.433, -0.767, -0.484, 0.423, -0.916, 0.075, 0.393, -0.758, 0.561, 0.333, -0.430, 0.581, 0.691, -0.090, 0.703, 0.705, 0.263, 0.624, 0.736, 0.561, 0.391, 0.730, 0.695, 0.069, 0.716, 0.634, -0.262, 0.727, 0.407, -0.524, 0.748, 0.076, -0.653, 0.753, -0.281, -0.591, 0.756, -0.590, -0.356, 0.725, -0.697, -0.011, 0.717, -0.629, 0.301, 0.717, -0.298, 0.263, 0.918, -0.343, -0.094, 0.935, -0.041, -0.340, 0.940, 0.298, -0.215, 0.930, 0.362, 0.126, 0.924],
"nplanes": 9,
"quality": 95,
"materials": [
{
 "scale": [1,1,1,5.55844,9.74595,8.06657,16.7536,22.0314,13.6185],
 "bias": [0,0,0,0.253768,0.579516,0.520571,0.302053,0.449119,0.358677] }
]
}
