{
"width": 3405, "height": 2576,
"format": "jpg",
"type":"ptm",
"colorspace":"lrgb",
"lights": [-0.060, 0.994, 0.096, 0.459, 0.876, 0.149, 0.878, 0.449, 0.166, 0.951, -0.233, 0.205, 0.519, -0.827, 0.216, -0.063, -0.978, 0.200, -0.569, -0.805, 0.168, -0.880, -0.453, 0.145, -0.975, -0.071, 0.212, -0.922, 0.315, 0.226, -0.732, 0.670, 0.124, -0.432, 0.892, 0.133, -0.012, 0.874, 0.486, 0.447, 0.708, 0.547, 0.687, 0.419, 0.594, 0.766, -0.176, 0.618, 0.376, -0.697, 0.610, -0.184, -0.806, 0.563, -0.605, -0.600, 0.524, -0.833, -0.234, 0.502, -0.868, 0.165, 0.468, -0.727, 0.504, 0.466, -0.415, 0.779, 0.470, -0.186, 0.658, 0.730, 0.121, 0.618, 0.777, 0.364, 0.440, 0.821, 0.484, 0.100, 0.869, 0.371, -0.269, 0.889, 0.087, -0.505, 0.859, -0.241, -0.521, 0.819, -0.505, -0.387, 0.772, -0.659, -0.175, 0.732, -0.696, 0.082, 0.713, -0.611, 0.370, 0.700, -0.440, 0.551, 0.709, -0.267, 0.376, 0.887, -0.447, 0.158, 0.880, -0.421, -0.110, 0.900, -0.125, -0.230, 0.965, 0.113, -0.001, 0.994],
"nplanes": 9,
"quality": 95,
"materials": [
{
 "scale": [1,1,1,4.3902,3.46962,3.7784,7.07837,7.43474,8.31738],
 "bias": [0,0,0,-0.0774673,0.426627,0.565824,0.823863,0.466704,0.655122] }
]
}
