{
"width": 995, "height": 1025,
"format": "jpg",
"type":"ptm",
"colorspace":"lrgb",
"lights": [-0.384, -0.893, 0.236, -0.634, -0.762, 0.133, -0.825, -0.497, 0.270, -0.873, -0.349, 0.341, -0.941, 0.205, 0.268, -0.790, 0.453, 0.413, -0.515, 0.553, 0.655, -0.239, 0.528, 0.815, 0.038, 0.400, 0.916, 0.296, 0.176, 0.939, 0.489, -0.233, 0.841, 0.343, -0.659, 0.670, 0.084, -0.870, 0.486, -0.179, -0.923, 0.339, -0.257, -0.828, 0.499, -0.020, -0.762, 0.648, 0.214, -0.528, 0.822, -0.047, 0.095, 0.994, 0.064, 0.137, 0.989, -0.210, 0.312, 0.927, -0.502, 0.361, 0.786, -0.765, 0.276, 0.582, -0.930, 0.017, 0.367, -0.913, -0.332, 0.238, -0.757, -0.615, 0.219, -0.499, -0.786, 0.365, -0.483, -0.661, 0.575, -0.254, -0.668, 0.699, -0.073, -0.532, 0.844, -0.025, -0.280, 0.960, -0.123, -0.020, 0.992, -0.299, 0.128, 0.946, -0.540, 0.136, 0.831, -0.740, -0.001, 0.672, -0.807, -0.264, 0.528, -0.680, -0.522, 0.515, -0.518, -0.451, 0.727, -0.304, -0.456, 0.836, -0.204, -0.223, 0.953, -0.447, -0.059, 0.893, -0.617, -0.213, 0.757],
"nplanes": 9,
"quality": 95,
"materials": [
{
 "scale": [1,1,1,2.90064,6.4083,5.73542,9.97223,9.69224,7.49475],
 "bias": [0,0,0,0.0117284,0.648855,0.594507,0.672706,0.538666,0.844572] }
]
}
