{
"width": 1272, "height": 1256,
"format": "jpg",
"type":"ptm",
"colorspace":"lrgb",
"lights": [-0.039, 0.995, 0.096, 0.548, 0.820, 0.164, 0.933, 0.268, 0.241, 0.856, -0.443, 0.265, 0.359, -0.890, 0.280, -0.099, -0.958, 0.269, -0.548, -0.803, 0.233, -0.818, -0.523, 0.240, -0.972, -0.165, 0.168, -0.968, 0.215, 0.127, -0.819, 0.568, 0.087, -0.492, 0.865, 0.103, -0.030, 0.878, 0.478, 0.509, 0.649, 0.565, 0.726, 0.305, 0.616, 0.700, -0.310, 0.644, 0.276, -0.729, 0.627, -0.192, -0.772, 0.606, -0.599, -0.585, 0.548, -0.809, -0.297, 0.508, -0.876, 0.091, 0.473, -0.775, 0.455, 0.439, -0.472, 0.761, 0.445, -0.217, 0.635, 0.742, 0.103, 0.579, 0.809, 0.364, 0.362, 0.858, 0.454, 0.016, 0.891, 0.315, -0.332, 0.889, 0.053, -0.503, 0.863, -0.255, -0.530, 0.809, -0.503, -0.421, 0.755, -0.664, -0.201, 0.720, -0.710, 0.065, 0.701, -0.642, 0.329, 0.692, -0.480, 0.513, 0.711, -0.278, 0.348, 0.895, -0.468, 0.138, 0.873, -0.401, -0.141, 0.905, -0.141, -0.249, 0.958, 0.108, -0.055, 0.993],
"nplanes": 9,
"quality": 95,
"materials": [
{
 "scale": [1,1,1,1.92934,3.14771,3.03637,4.40149,4.90215,3.96298],
 "bias": [0,0,0,-0.323655,0.429012,0.490449,0.647483,0.533102,0.696344] }
]
}
