{
"width": 1042, "height": 1066,
"format": "jpg",
"type":"ptm",
"colorspace":"lrgb",
"lights": [-0.363, -0.727, 0.583, -0.744, -0.534, 0.401, -0.977, -0.184, 0.107, -0.957, 0.285, 0.047, -0.739, 0.671, 0.067, -0.494, 0.866, 0.077, -0.207, 0.976, 0.065, 0.311, 0.936, 0.162, 0.482, 0.804, 0.350, 0.642, 0.597, 0.482, 0.726, 0.327, 0.605, 0.846, -0.291, 0.447, 0.500, -0.673, 0.546, 0.043, -0.807, 0.589, -0.046, -0.576, 0.816, 0.348, -0.455, 0.820, 0.747, -0.050, 0.663, 0.720, 0.498, 0.483, 0.403, 0.842, 0.358, 0.083, 0.964, 0.253, -0.213, 0.963, 0.167, -0.542, 0.834, 0.105, -0.799, 0.579, 0.162, -0.947, 0.170, 0.273, -0.793, -0.248, 0.556, -0.454, -0.520, 0.723, -0.319, -0.258, 0.912, 0.036, -0.285, 0.958, 0.366, -0.067, 0.928, 0.443, 0.361, 0.821, 0.283, 0.706, 0.649, 0.008, 0.851, 0.525, -0.304, 0.824, 0.479, -0.563, 0.642, 0.521, -0.737, 0.306, 0.603, -0.611, -0.050, 0.790, -0.322, 0.076, 0.944, 0.045, 0.067, 0.997, 0.170, 0.437, 0.883, -0.165, 0.641, 0.750, -0.425, 0.426, 0.799],
"nplanes": 9,
"quality": 95,
"materials": [
{
 "scale": [1,1,1,4.16738,4.29913,4.0108,9.59135,9.15642,9.32875],
 "bias": [0,0,0,-0.00614591,0.641493,0.597927,0.551302,0.61324,0.588167] }
]
}
