{
"width": 2592, "height": 1728,
"format": "jpg",
"pixelSizeInMM": 0.0258748,
"type":"ptm",
"colorspace":"lrgb",
"lights": [0.230, 0.971, 0.068, 0.640, 0.766, 0.062, 0.922, 0.384, 0.044, 0.996, -0.088, 0.025, 0.817, -0.576, 0.037, 0.360, -0.927, 0.110, -0.232, -0.970, 0.077, -0.714, -0.699, 0.048, -0.964, -0.264, 0.023, -0.953, 0.296, 0.068, -0.699, 0.714, 0.051, -0.287, 0.955, 0.070, 0.184, 0.896, 0.404, 0.634, 0.654, 0.413, 0.834, 0.356, 0.421, 0.904, -0.146, 0.403, 0.671, -0.609, 0.423, 0.159, -0.899, 0.409, -0.415, -0.833, 0.366, -0.814, -0.451, 0.367, -0.910, 0.104, 0.402, -0.712, 0.572, 0.407, -0.329, 0.861, 0.389, -0.054, 0.700, 0.712, 0.300, 0.630, 0.717, 0.564, 0.409, 0.717, 0.690, 0.086, 0.718, 0.638, -0.251, 0.729, 0.397, -0.521, 0.755, 0.030, -0.665, 0.747, -0.349, -0.566, 0.747, -0.603, -0.313, 0.734, -0.712, 0.055, 0.700, -0.613, 0.396, 0.684, -0.408, 0.615, 0.674, -0.149, 0.414, 0.898, -0.387, 0.175, 0.905, -0.285, -0.173, 0.943, 0.091, -0.253, 0.963, 0.329, -0.002, 0.944],
"nplanes": 9,
"quality": 95,
"materials": [
{
 "scale": [1,1,1,4.57903,7.19925,6.35775,11.5785,14.7722,10.8823],
 "bias": [0,0,0,0.0742682,0.520161,0.574923,0.426028,0.493423,0.430748] }
]
}
