{
"width": 1047, "height": 1117,
"format": "jpg",
"type":"ptm",
"colorspace":"lrgb",
"lights": [-0.411, -0.673, 0.615, -0.729, -0.542, 0.418, -0.947, -0.248, 0.206, -0.958, 0.185, 0.217, -0.814, 0.553, 0.179, -0.608, 0.780, 0.147, -0.365, 0.899, 0.244, -0.118, 0.925, 0.361, 0.167, 0.862, 0.478, 0.449, 0.661, 0.601, 0.680, 0.219, 0.700, 0.556, -0.295, 0.777, 0.205, -0.584, 0.786, -0.131, -0.691, 0.711, -0.159, -0.535, 0.830, 0.098, -0.409, 0.907, 0.379, -0.112, 0.919, 0.403, 0.317, 0.859, 0.222, 0.635, 0.740, -0.103, 0.772, 0.627, -0.344, 0.787, 0.513, -0.626, 0.676, 0.387, -0.847, 0.426, 0.319, -0.942, 0.052, 0.330, -0.816, -0.302, 0.494, -0.500, -0.510, 0.700, -0.424, -0.305, 0.853, -0.154, -0.301, 0.941, 0.068, -0.118, 0.991, 0.150, 0.191, 0.970, 0.017, 0.463, 0.886, -0.176, 0.608, 0.774, -0.421, 0.594, 0.685, -0.636, 0.440, 0.634, -0.767, 0.147, 0.624, -0.654, -0.140, 0.743, -0.434, -0.041, 0.900, -0.182, -0.034, 0.983, -0.087, 0.253, 0.964, -0.312, 0.410, 0.857, -0.526, 0.242, 0.815],
"nplanes": 9,
"quality": 95,
"materials": [
{
 "scale": [1,1,1,3.58591,5.20212,4.34827,8.69537,7.27452,8.2417],
 "bias": [0,0,0,0.0198048,0.46093,0.547281,0.687407,0.532665,0.710793] }
]
}
